<?xml version="1.0" encoding="UTF-8"?>

<beans xmlns="http://www.springframework.org/schema/beans"
	xmlns:xsi="http://www.w3.org/2001/XMLSchema-instance"
	xmlns:context="http://www.springframework.org/schema/context"
	xmlns:aop="http://www.springframework.org/schema/aop"
	xmlns:cache="http://www.springframework.org/schema/cache"
	xmlns:jdbc="http://www.springframework.org/schema/jdbc"
	xmlns:tx="http://www.springframework.org/schema/tx"
	xmlns:mybatis-spring="http://mybatis.org/schema/mybatis-spring"
	xmlns:mvc="http://www.springframework.org/schema/mvc"
	xsi:schemaLocation="http://www.springframework.org/schema/jdbc http://www.springframework.org/schema/jdbc/spring-jdbc-4.3.xsd
		http://www.springframework.org/schema/cache http://www.springframework.org/schema/cache/spring-cache-4.3.xsd
		http://mybatis.org/schema/mybatis-spring http://mybatis.org/schema/mybatis-spring-1.2.xsd
		http://www.springframework.org/schema/mvc http://www.springframework.org/schema/mvc/spring-mvc-4.3.xsd
		http://www.springframework.org/schema/beans http://www.springframework.org/schema/beans/spring-beans.xsd
		http://www.springframework.org/schema/context http://www.springframework.org/schema/context/spring-context.xsd
		http://www.springframework.org/schema/aop http://www.springframework.org/schema/aop/spring-aop-4.3.xsd
		http://www.springframework.org/schema/tx http://www.springframework.org/schema/tx/spring-tx-4.3.xsd">
    
    <context:component-scan base-package="com.conf"/>
    <context:component-scan base-package="member.bean"/>
    <context:component-scan base-package="notice.bean"/>
    <context:component-scan base-package="category.bean"/>
    <context:component-scan base-package="category.dao"/>
    <context:component-scan base-package="detail.bean"/>
    <context:component-scan base-package="detail.dao"/>
    <context:component-scan base-package="manage.bean"/>
    <context:component-scan base-package="manage.dao"/>
    <context:component-scan base-package="mypage.dao"/>
    
    <!-- mail -->
    <bean id="mailSender" class="org.springframework.mail.javamail.JavaMailSenderImpl"> 
       <property name="host" value="smtp.gmail.com" /> 
       <property name="port" value="587" /> 
       <property name="username" value="chicken.eegg@gmail.com" /> 
       <property name="password" value="!good123456" /> 
       <property name="javaMailProperties"> 
          <props> 
             <prop key="mail.smtp.auth">true</prop> 
             <prop key="mail.smtp.starttls.enable">true</prop> 
          </props> 
       </property> 
    </bean>
    
   <!-- tx -->
	<tx:annotation-driven transaction-manager="transactionManager"/>
	
	<!-- sqlSessionFactory -->
	<bean id="sqlSessionFactory" class="org.mybatis.spring.SqlSessionFactoryBean">
		<property name="dataSource" ref="dataSource"/>
		<property name="configLocation" value="classpath:/spring/mybatis-config.xml"/>
		<property name="mapperLocations" value="classpath:*/dao/*Mapper.xml"/>
	</bean>	
	
	<!-- sqlSession -->
	<bean id="sqlSession" class="org.mybatis.spring.SqlSessionTemplate">
		<constructor-arg name="sqlSessionFactory" ref="sqlSessionFactory"/>
	</bean>
	
	<!-- Transaction -->
	<bean id="transactionManager" class="org.springframework.jdbc.datasource.DataSourceTransactionManager">
		<property name="dataSource" ref="dataSource"/>
	</bean>

</beans>
