<?xml version="1.0" encoding="UTF-8"?>
<!DOCTYPE mapper  PUBLIC "-//mybatis.org//DTD Mapper 3.0//EN"  "http://mybatis.org/dtd/mybatis-3-mapper.dtd"> 

<mapper namespace="memberSQL"><!--매퍼의 이름  -->
	<insert id="member_signup" parameterType="memberDTO">
		insert into members values(#{m_email},#{m_pwd},#{m_name},#{m_tel_phone},
		#{m_zipcode},#{m_roadAddress},#{m_jibunAddress},0,sysdate)
	</insert>
	
	<select id="member_view" parameterType="Map" resultType="memberDTO">
		select * from members where m_email = #{m_email} and m_pwd = #{m_pwd}
	</select>
	
	<select id="member_idCheck" parameterType="String" resultType="memberDTO">
		select * from members where m_email = #{m_email}
	</select>
	
	<select id="member_findEmail" parameterType="Map" resultType="memberDTO">
      select * from members where m_name = #{m_name} and m_tel_phone = #{m_phone}
   </select>
   
   <select id="member_findPwd" parameterType="Map" resultType="memberDTO">
      select * from members where m_email = #{m_email} and m_name = #{m_name} and m_tel_phone = #{m_phone}
   </select>
   
   <update id="member_findPwd2" parameterType="Map">
      update members set m_pwd = #{m_pwd} where m_email = #{m_email}
   </update>
   
   <insert id="member_modify" parameterType="Map">
      update members set 
         m_pwd = #{m_pwd},
         m_name = #{m_name},
         m_tel_phone = #{m_tel_phone},
         m_zipcode = #{m_zipcode},
         m_roadAddress = #{m_roadAddress},
         m_jibunAddress = #{m_jibunAddress}
      	 where m_email = #{m_email}
   </insert>
   
   <!-- 재우추가 -->
	<select id="member_getZipcode" parameterType="String" resultType="memberDTO">
		select * from members where m_email=#{email}	
	</select>
	
	<!-- 마일리지 사용 업데이트 -->
	<update id="useMpoint" parameterType="Map">
		update members set m_point = m_point-#{myMileageHid} where m_email=#{m_email}
	</update>
	
	<!-- 마일리지 적립 업데이트 -->
	<update id="update_Mpoint" parameterType="Map">
		update members set m_point = m_point+#{m_point} where m_email=#{m_email}
	</update>
	
   
</mapper>