<?xml version="1.0" encoding="UTF-8"?>
<!DOCTYPE mapper  PUBLIC "-//mybatis.org//DTD Mapper 3.0//EN"
  "http://mybatis.org/dtd/mybatis-3-mapper.dtd">
<mapper namespace="detailSQL">
 	<!-- 재우  수량확인-->
   <select id="getClothes" parameterType="Map" resultType="int">
      select count(*) from product where p_code=#{p_code}  
   </select>
   <!-- 선택한 물건 확인 -->
   <select id="getSelectProduct" parameterType="int" resultType="detailDTO">
   		select * from product where p_code=#{p_code} 
   </select>
    
   <update id="updateOneClothes" parameterType="Map">
      update product set p_amount = p_amount-#{p_amount}, p_sales = p_sales+#{p_amount} where p_code=#{p_code}
   </update>
      
   <select id="getDetailPageSource" parameterType="int" resultType="detailDTO">
   		select * from product where p_group=#{p_code}
   </select>
   
   <select id="getDetailPageInfo" parameterType="int" resultType="Product_boardDTO">
   		select * from product_board where p_code=#{p_code}
   </select>
   
    <!-- 양현규 -->
   <insert parameterType="java.util.Map" id="detail_userReview">
       insert into detail_hoogi values(#{p_code},detail_hoogi_seq.nextval,#{id},#{detail_hoogiStar},#{detail_hoogiModalContent},sysdate) 
   </insert>

   <select id="detail_GetReViewTableList" parameterType="int" resultType="detail_hoogiDTO">
      select * from detail_hoogi where p_code = #{p_code} order by seq desc
   </select>
   <select id="detail_GetQnATableList" parameterType="int" resultType="detail_QnADTO">
		select * from detail_QnA where p_code = #{p_code} order by seq desc
   </select>
   <insert parameterType="java.util.Map" id="detail_userQnA">
      insert into detail_QnA values(#{p_code}
      								,detail_QnA_seq.nextval
      								,#{id}
      								,#{condition}
      								,#{detail_QnASubject}
      								,#{detail_QnAContent}
      								,sysdate
      								,#{reply}
      								,#{replyContent}) 
   </insert>
   
   <select parameterType="int" id="detail_GetQnAViewList" resultType="detail_QnADTO">
      select * from detail_QnA where seq = #{seq} 
   </select>
   <update id="detail_QnA_Answer" parameterType="java.util.Map">
   	 update detail_QnA set replyContent = #{replyContent} ,reply = #{reply} where seq= #{seq}
   </update>
   <select id="detail_QnA_List" parameterType="int" resultType="detail_QnADTO">
   	 select * from detail_QnA where seq = #{seq}
   </select>
   <select id="detail_GetTotalReView" resultType="int">
   		select count(*) from detail_hoogi
   </select>
   <select id="detail_detail_GetTotalQnA" resultType="int">
   		select count(*) from detail_QnA
   </select>
   
</mapper>