<?xml version="1.0" encoding="UTF-8"?>
<!DOCTYPE mapper  PUBLIC "-//mybatis.org//DTD Mapper 3.0//EN"
  "http://mybatis.org/dtd/mybatis-3-mapper.dtd">
<mapper namespace="manageSQL">
	<select id="getMembersList" resultType="memberDTO">
		select * from members
	</select>
	<select id = "getProductListsJson" parameterType = "Map" resultType = "productDTO">
      select * from PRODUCT
   </select>
   
   <update id="productModifyJson" parameterType="Map">
      update product set
      p_name=#{p_name},
      p_amount=#{p_amount},
      p_cost=#{p_cost},
      p_date=sysdate,
      p_status=#{p_status}
      where p_code = #{p_code}
   </update>
   
   <delete id="productDeleteJson" parameterType="Map">
      delete product where p_code = #{p_code}
   </delete>
	
	
	<insert id = "productInsert" parameterType = "productDTO">
      insert into PRODUCT values(
         #{p_cateNum},
         #{p_midCate},
         #{p_smallCate},
         PRODUCT_SEQ.nextval,
         <if test = "p_group == 0">
            PRODUCT_SEQ.currval,
         </if>
         <if test = "p_group != 0">
            #{p_group},
         </if>
         #{p_name},
         #{p_option1},
         #{p_option2},
         #{p_amount},
         #{p_cost},
         #{p_status},
         #{p_maker},
         #{p_origin},
         #{p_image},
         sysdate,
         0
      )
   </insert>
	
   <insert id = "product_boardInsert" parameterType = "product_boardDTO">
      insert into PRODUCT_BOARD values(
         #{p_cateNum},
         #{p_name},
         #{p_code},
         #{p_contents},
         #{p_COST},
         #{p_image},
         sysdate
      )
   </insert>
	
   <select id = "getProduct" parameterType = "String" resultType = "int">
      select p_group from PRODUCT where p_name = #{p_name}
   </select>
   
   <select id = "getSeq" resultType = "int">
      select LAST_NUMBER-1 FROM user_sequences where sequence_name = 'PRODUCT_SEQ'
   </select>
	
	<!-- 
		p_status : A
		p_name : 철원오대쌀
		p_startDate : 2018/11/27
		p_lastDate : 2018/11/28
	 -->
	 
	 <insert id="inquiryInsert" parameterType="inquiryDTO">
		insert into Inquiry values(Inquiry_SEQ.nextval,
			#{m_email},
			#{i_title},
			#{i_content},
			''
		)
	</insert>
	
	<select id="orderList" resultType="orderDTO">
	 	select * from order_table order by 4 desc
	 </select>
	 <update id="orderStatusUpdate" parameterType="Map">
	 	update order_table set o_status = #{o_status} where o_num = #{o_num}
	 </update>
	 <select id="inquiryList" resultType="inquiryDTO">
	 	select * from inquiry order by 1 desc
	 </select>
	 <update id="inquiryUpdate" parameterType="Map">
	 	update inquiry set i_inquiry = #{i_inquiry} where i_seq = #{i_seq}
	 </update>
	 <select id="noticeList" resultType="noticeDTO">
	 	select * from notice order by 1 desc
	 </select>
	 
	 <insert id="noticeInsert" parameterType="Map">
 		insert into notice values(notice_SEQ.nextval,#{n_subject},#{n_content},sysdate)
	 </insert>
	 <select id="orderTableCount" resultType="Int">
	 	select count(*) from order_table where o_status= #{status}
	 </select>
	 <select id="totalSales" resultType="String">
	 	select to_char(sum(p_cost*p_amount),'9,999,999') from order_table
	 </select>
	 
	 <select id="memberList" resultType="memberDTO">
	 	select m_email,m_name,m_tel_phone, m_roadaddress||' '||m_jibunaddress as m_zipcode, m_date from members order by m_date desc
	 </select>
	 
	 <select id="productQnaList" parameterType="Map" resultType="detail_QnADTO">
       select * from detail_QnA where reply= 'ready' order by logtime desc
    </select>
    
    <update id="productQnaUpdate" parameterType="Map">
       update DETAIL_QNA SET REPLYCONTENT = #{replyContent}, reply=#{reply} where p_code = #{p_code} and seq = #{seq}
    </update>
    
    <select id="productQnaproductQnaAnswerListAnswerList" parameterType="java.util.Map" resultType="detail_QnADTO">
       select * from detail_QnA where p_code = #{p_code} and seq=#{seq}
    </select>
    
    <select id = "productManageList" resultType = "productDTO">
      select * from PRODUCT
   </select>

<!-- 	<update id="productModifyJson" parameterType="Map">
		update product set
		p_name=#{p_name},
		p_amount=#{p_amount},
		p_cost=#{p_cost},
		p_date=sysdate,
		p_status=#{p_status}
		where p_code = #{p_code}
	</update> -->
   
<!--    <delete id="productDeleteJson" parameterType="Map">
      delete product where p_code = #{p_code}
   </delete> -->
</mapper>  





