<?xml version="1.0" encoding="UTF-8"?>
<!DOCTYPE mapper  PUBLIC "-//mybatis.org//DTD Mapper 3.0//EN"
  "http://mybatis.org/dtd/mybatis-3-mapper.dtd">
<mapper namespace="manageSQL">
	<select id = "getProductListsJson" parameterType = "Map" resultType = "productDTO">
		select * from PRODUCT 
		
		<if test = "(p_status eq 'A'.toString())">
			where (p_status = 'Y' or p_status = 'N')
		</if>
		<if test = "(p_status neq 'A'.toString())">
			where p_status = #{p_status} 
		</if>
		
		<if test = "p_name == ''">
      	</if>
     	<if test = "p_name != ''">
			and p_name like '%'||#{p_name}||'%'
		</if>
		
			and p_date between #{p_startDate} and (to_date(#{p_lastDate},'yy-mm-dd')+1)
		<!-- <if test = "(search_sort eq 'sell_desc'.toString())">
			order by #{p_sales} desc
		</if>
		<if test = "(search_sort eq 'sell_asc'.toString())">
			order by #{p_sales} asc
		</if>
		<if test = "(search_sort eq 'stock_desc'.toString())">
			order by #{p_amount} desc
		</if>
		<if test = "(search_sort eq 'stock_asc'.toString())">
			order by #{p_amount} asc
		</if> -->
	</select>
	
	
	<insert id = "productInsert" parameterType = "productDTO">
		insert into PRODUCT values(
			#{p_cateNum},
			#{p_midCate},
			#{p_smallCate},
			PRODUCT_SEQ.nextval,
			<if test = "p_group == 0">
				PRODUCT_SEQ.currval,
			</if>
			<if test = "p_group != 0">
				#{p_group},
			</if>
			#{p_name},
			#{p_option1},
			#{p_option2},
			#{p_amount},
			#{p_cost},
			#{p_status},
			#{p_maker},
			#{p_origin},
			#{p_image},
			sysdate,
			0
		)
	</insert>
	
	<insert id = "product_boardInsert" parameterType = "product_boardDTO">
		insert into PRODUCT_BOARD values(
			#{p_cateNum},
			#{p_name},
			#{p_code},
			#{p_contents},
			#{p_COST},
			#{p_image},
			sysdate
		)
	</insert>
	
	<select id = "getProduct" parameterType = "String" resultType = "int">
		select p_group from PRODUCT where p_name = #{p_name}
	</select>
	
	<select id = "getSeq" resultType = "int">
		select LAST_NUMBER-1 FROM user_sequences where sequence_name = 'PRODUCT_SEQ'
	</select>
	
	<!-- 
		p_status : A
		p_name : 철원오대쌀
		p_startDate : 2018/11/27
		p_lastDate : 2018/11/28
	 -->
</mapper>  














