<?xml version="1.0" encoding="UTF-8"?>

<beans xmlns="http://www.springframework.org/schema/beans"
	xmlns:xsi="http://www.w3.org/2001/XMLSchema-instance"
	xmlns:mvc="http://www.springframework.org/schema/mvc"
	xmlns:context="http://www.springframework.org/schema/context"
	xmlns:aop="http://www.springframework.org/schema/aop"
	xmlns:mybatis-spring="http://mybatis.org/schema/mybatis-spring"
	xmlns:tx="http://www.springframework.org/schema/tx"
	xmlns:jdbc="http://www.springframework.org/schema/jdbc"
	xsi:schemaLocation="http://www.springframework.org/schema/jdbc http://www.springframework.org/schema/jdbc/spring-jdbc-4.3.xsd
		http://www.springframework.org/schema/mvc http://www.springframework.org/schema/mvc/spring-mvc.xsd
		http://mybatis.org/schema/mybatis-spring http://mybatis.org/schema/mybatis-spring-1.2.xsd
		http://www.springframework.org/schema/beans http://www.springframework.org/schema/beans/spring-beans.xsd
		http://www.springframework.org/schema/context http://www.springframework.org/schema/context/spring-context.xsd
		http://www.springframework.org/schema/aop http://www.springframework.org/schema/aop/spring-aop-4.3.xsd
		http://www.springframework.org/schema/tx http://www.springframework.org/schema/tx/spring-tx-4.3.xsd">
	
	<bean id="indexController" class="main.controller.IndexController"></bean>
	<bean id="noticeController" class="notice.controller.NoticeController"></bean>
	<bean id="manageController" class="manage.controller.ManageController"></bean>
	<bean id="mypageController" class="mypage.controller.MypageController"></bean>  
	
	<context:component-scan base-package="member.dao"/>
	<context:component-scan base-package="notice.dao"/>
	<context:component-scan base-package="notice.bean"/>
	<context:component-scan base-package="notice.controller"/>
	<context:component-scan base-package="category.controller"/>
	<context:component-scan base-package="manage.controller"/>
	<context:component-scan base-package="main.controller"/>
	<context:component-scan base-package="detail.dao"/>
   <context:component-scan base-package="detail.bean"/>
   <context:component-scan base-package="detail.controller"/>
   <context:component-scan base-package="manage.dao"/>
   <context:component-scan base-package="manage.bean"/>
   <context:component-scan base-package="mypage.controller"/>
   <context:component-scan base-package="mypage.bean"/>
	<context:component-scan base-package="cart.bean"/>
	<context:component-scan base-package="cart.controller"/>
    
    <mvc:annotation-driven />

	<bean class="org.springframework.web.servlet.view.InternalResourceViewResolver">
	        <property name="suffix" value=".jsp"/>
	</bean>
	
	<bean id="jsonView" class="org.springframework.web.servlet.view.json.MappingJackson2JsonView">
		<property name="contentType" value="text/html;charset=UTF-8"/>
	</bean>
	<bean id="beanNameResolver" class="org.springframework.web.servlet.view.BeanNameViewResolver">
		<property name="order" value="0"/>
	</bean>
	
	<!-- MultipartResolver 설정 -->
    <bean id="multipartResolver" class="org.springframework.web.multipart.commons.CommonsMultipartResolver">
        <property name="maxUploadSize" value="100000000" />
        <property name="maxInMemorySize" value="100000000" />
    </bean>


</beans>
