<?xml version="1.0" encoding="UTF-8"?>
<!DOCTYPE mapper  PUBLIC "-//mybatis.org//DTD Mapper 3.0//EN"
  "http://mybatis.org/dtd/mybatis-3-mapper.dtd">
<mapper namespace="categorySQL">
	<resultMap id="ResultMap" type="java.util.Map">
        <result property="p_name" column="P_NAME" />
        <result property="p_cateNum" column="P_CATENUM" />
        <result property="p_code" column="P_CODE" />
        <result property="p_contents" column="P_CONTENTS" />
        <result property="p_COST" column="P_COST" />
        <result property="p_image" column="P_IMAGE" />
        <result property="p_date" column="P_DATE" />
        <result property="p_main_img" column="MAIN_IMG" />
        <result property="p_midcate" column="P_MIDCATE" />
    </resultMap>
	
	
	<!-- 제품 테이블 전체 가져오기 이제 안쓸듯 -->
	<select id = "getProductList" resultType = "productDTO">
		select * from PRODUCT
	</select>
	
	<!-- QUICK VIEW 모달에서 사용할 제품 하나 가져오기 -->
	<select id = "getProduct" parameterType = "int"	resultType = "productDTO">
		select * from PRODUCT where p_code = #{p_code}
	</select>
	
	<!-- 글 목록 P_CATENUM 기준 분류 -->
	<select id = "getProduct_Board_map" parameterType = "java.util.Map" resultMap = "ResultMap">
		select * from
		(select rownum rn, tt.* from
		(select PRODUCT_BOARD.*, PRODUCT.p_image"MAIN_IMG", PRODUCT.p_midcate from PRODUCT_BOARD, PRODUCT where 
		PRODUCT_BOARD.p_code = PRODUCT.p_code 
		and PRODUCT_BOARD.p_cateNum = #{cateNum} 
		<if test = "p_midCate != null and p_midCate != ''"> 
			and P_MIDCATE = #{p_midCate}
		</if>
		
			order by 
		<if test = "order_type eq 1">	<!-- 높은가겨순 -->
			PRODUCT_BOARD.P_COST asc
		</if>
		<if test = "order_type eq 2">	<!-- 낮은가격순 -->
			PRODUCT_BOARD.P_COST DESC
		</if>
		<if test = "order_type eq 3">	<!-- 신상품순 -->
			PRODUCT_BOARD.P_CODE DESC
		</if>
		)tt
		)where rn between #{startNum} and #{endNum}
	</select>
	
	<select id = "getProduct_Board_map_best" parameterType = "java.util.Map" resultMap = "ResultMap">
		select * from PRODUCT
	</select>
	
	<!-- 대표그룹 기준잡고 해당하는 모든 옵션 그룹들 가져오기 -->
	<select id = "getGroup" parameterType = "int" resultType = "productDTO">
		select * from PRODUCT where p_group = #{p_group}
	</select>
	
	<!-- 각 카테고리별 총 글 수 가져오기 -->
	<select id = "getProduct_BoardTotalA" parameterType = "int" resultType = "int">
		select count(*) from PRODUCT_BOARD where p_cateNum = #{cateNum}
	</select>
	
	<!-- 글 목록 P_CATENUM and P_MIDCATE 기준 정렬 -->
	
	
</mapper>  
